{
    "$schema": "https://schema.management.azure.com/schemas/2015-01-01/deploymentTemplate.json#",
    "contentVersion": "1.0.0.0",
    "parameters": {
        "storageAccountResourceGroupName": {
            "type": "string",
            "metadata": {
                "description": "The resource group containing the storage account of the image vhd file."
            }
        },
        "imageId": {
            "type": "string"
        },
        "rdshNamePrefix": {
            "type": "string",
            "metadata": {
                "description": "This prefix will be used in combination with the VM number to create the VM name. If using “rdsh” as the prefix, VMs would be named “rdsh-0”, “rdsh-1”, etc. You should use a unique prefix to reduce name collisions in Active Directory."
            },
            "defaultValue": "[take(toLower(resourceGroup().name),10)]"
        },
        "rdshNumberOfInstances": {
            "type": "int",
            "metadata": {
                "description": "Number of session hosts that will be created and added to the hostpool."
            }
        },
        "rdshVmSize": {
            "type": "string",
            "metadata": {
                "description": "The size of the session host VMs."
            },
            "defaultValue": "Standard_A2"
        },
        "existingDomainUPN": {
            "type": "string",
            "metadata": {
                "description": "A username in the domain that has privileges to join the session hosts to the domain. For example, “user1@contoso.com”."
            }
        },
        "existingDomainPassword": {
            "type": "securestring",
            "metadata": {
                "description": "The password that corresponds to the existing domain username."
            }
        },
        "localAdminPassword": {
            "type": "string"
        },
        "existingDomainFqdn": {
            "type": "string",
            "metadata": {
                "description": "."
            }
        },
        "virtualNetworkResourceGroupName": {
            "type": "string",
            "metadata": {
                "description": "The resource group containing the existing virtual network."
            }
        },
        "existingVnetName": {
            "type": "string",
            "metadata": {
                "description": "The name of the virtual network the VMs will be connected to."
            }
        },
        "existingSubnetName": {
            "type": "string",
            "metadata": {
                "description": "The subnet the VMs will be placed in."
            }
        },
        "RDBrokerURL": {
            "type": "string",
            "metadata": {
                "description": "The RD Broker URL of the RDmi deployment the session hosts will be connected to."
            },
            "defaultValue": ""
        },
        "ExistingTenantName": {
            "type": "string",
            "metadata": {
                "description": "The name of the RDS Tenant in the RDmi deployment."
            }
        },
        "HostPoolName": {
            "type": "string",
            "metadata": {
                "description": "The name of the hostpool to be created in the RDS Tenant."
            }
        },
        "oupath": {
            "type": "string",
            "metadata": {
              "description": "Specifies an organizational unit (OU) for the domain account. Enter the full distinguished name of the OU in quotation marks. Example: \"OU=testOU; DC=domain; DC=Domain; DC=com"
            }
          },
        "TenantAdminUPN": {
            "type": "string",
            "defaultvalue": "",
            "metadata": {
                "description": "The UPN that has rights in the RDS Tenant to create the hostpool. For example, “admin1@contoso.com”"
            }
        },
        "TenantAdminPassword": {
            "type": "securestring",
            "defaultvalue": "",
            "metadata": {
                "description": "The password that corresponds to the tenant admin UPN."
            }
        },
        "_artifactsLocation": {
            "type": "string",
            "metadata": {
                "description": "The base URL for RDmi info"
            },
            "defaultValue": "https://raw.githubusercontent.com/wahidsaleemi/avd/rdmi-hostpool-new/"
        }
    },
    "variables": {
        "rdshPrefix": "[concat(parameters('rdshNamePrefix'),'-')]",
        "existingDomainUsername": "[first(split(parameters('existingDomainUPN'), '@'))]",
        "subnet-id": "[concat(resourceId(parameters('virtualNetworkResourceGroupName'),'Microsoft.Network/virtualNetworks',parameters('existingVnetName')),'/subnets/',parameters('existingSubnetName'))]",
        "HostPoolFriendlyName": "Hostpool",
        "HostPoolDescription": "template through create hostpool",
        "RegistrationExpirationHours": "48",
        "storageAccountName1": "rdmishdiags",
        "storageaccount": "[concat(resourceId(parameters('storageAccountResourceGroupName'),'Microsoft.Storage/storageAccounts',variables('storageAccountName1')))]",
        "scriptURI": "[concat(parameters('_artifactsLocation'),'/Scripts/Script.ps1')]",
        "deployAgentURI": "[concat(parameters('_artifactsLocation'),'/Scripts/DeployAgent.zip')]"
    },
    "resources": [
        {
            "apiVersion": "2017-10-01",
            "type": "Microsoft.Network/networkInterfaces",
            "name": "[concat(variables('rdshPrefix'), copyindex(), '-nic')]",
            "location": "[resourceGroup().location]",
            "copy": {
                "name": "rdsh-nic-loop",
                "count": "[parameters('rdshNumberOfInstances')]"
            },
            "properties": {
                "ipConfigurations": [
                    {
                        "name": "ipconfig",
                        "properties": {
                            "privateIPAllocationMethod": "Dynamic",
                            "subnet": {
                                "id": "[variables('subnet-id')]"
                            }
                        }
                    }
                ]
            }
        },
        {
            "apiVersion": "2018-06-01",
            "type": "Microsoft.Compute/availabilitySets",
            "name": "[concat(variables('rdshPrefix'), 'availabilitySet')]",
            "location": "[resourceGroup().location]",
            "properties": {
                "platformFaultDomainCount": 3,
                "platformUpdateDomainCount": 3
            },
            "sku": {
                "name": "Aligned"
            }
        },
        {
            "apiVersion": "2018-06-01",
            "type": "Microsoft.Compute/virtualMachines",
            "name": "[concat(variables('rdshPrefix'), copyindex())]",
            "location": "[resourceGroup().location]",
            "copy": {
                "name": "rdsh-vm-loop",
                "count": "[parameters('rdshNumberOfInstances')]"
            },
            "dependsOn": [
                "[concat('Microsoft.Network/networkInterfaces/', variables('rdshPrefix'), copyindex(), '-nic')]",
                "[concat('Microsoft.Compute/availabilitySets/', variables('rdshPrefix'), 'availabilitySet')]"
            ],
            "properties": {
                "hardwareProfile": {
                    "vmSize": "[parameters('rdshVmSize')]"
                },
                "availabilitySet": {
                    "id": "[resourceId('Microsoft.Compute/availabilitySets/', concat(variables('rdshPrefix'), 'availabilitySet'))]"
                },
                "osProfile": {
                    "computerName": "[concat(variables('rdshPrefix'), copyindex())]",
                    "adminUsername": "[variables('existingDomainUsername')]",
                    "adminPassword": "[parameters('localAdminPassword')]"
                },
                "storageProfile": {
                    "imageReference": {
                        "id": "[parameters('imageId')]"
                    },
                    "osDisk": {
                        "name": "[concat(variables('rdshPrefix'), copyindex(),'-osDisk')]",
                        "osType": "Windows",
                        "caching": "ReadWrite",
                        "managedDisk": {
                            "storageaccounttype":"Premium_LRS"
                        },
                        "createOption": "FromImage"
                    }
                },
                "networkProfile": {
                    "networkInterfaces": [
                        {
                            "id": "[resourceId('Microsoft.Network/networkInterfaces',concat(variables('rdshPrefix'), copyindex(), '-nic'))]"
                        }
                    ]
                },
                "diagnosticsProfile": {
                    "bootDiagnostics": {
                        "enabled": false,
                        "storageUri": "[reference(variables('storageaccount'), '2016-01-01').primaryEndpoints.blob]"
                    }
                }
            }
        },
        {
            "apiVersion": "2018-06-01",
            "type": "Microsoft.Compute/virtualMachines/extensions",
            "name": "[concat(variables('rdshPrefix'),copyindex(),'/joindomain')]",
            "location": "[resourceGroup().location]",
            "copy": {
                "name": "Domainjoinloop",
                "count": "[parameters('rdshNumberOfInstances')]"
            },
            "dependsOn": [
                "[resourceId('Microsoft.Compute/virtualMachines', concat(variables('rdshPrefix'), copyindex()))]"
            ],
            "properties": {
                "publisher": "Microsoft.Compute",
                "type": "JsonADDomainExtension",
                "typeHandlerVersion": "1.3",
                "autoUpgradeMinorVersion": true,
                "settings": {
                    "Name": "[parameters('existingDomainFqdn')]",
                    "OUPath": "[parameters('ouPath')]",
                    "User": "[parameters('existingDomainUPN')]",
                    "Restart": "true",
                    "Options": 3,
                    "NumberOfRetries": 3
                },
                "protectedSettings": {
                        "Password": "[parameters('existingDomainPassword')]"
                }
            }
        },
        {
            "apiVersion": "2018-06-01",
            "type": "Microsoft.Compute/virtualMachines/extensions",
            "name": "[concat(variables('rdshPrefix'), copyindex(),'/','dscextension')]",
            "location": "[resourceGroup().location]",
            "dependsOn": [
                "[resourceId('Microsoft.Compute/virtualMachines', concat(variables('rdshPrefix'), copyindex()))]",
                "[concat('Microsoft.Compute/virtualMachines/', variables('rdshPrefix'), copyindex(),'/extensions/joindomain')]"
            ],
            "copy": {
                "name": "rdsh-dsc-loop",
                "count": "[parameters('rdshNumberOfInstances')]"
            },
            "properties": {
                "publisher": "Microsoft.Powershell",
                "type": "DSC",
                "typeHandlerVersion": "2.11",
                "autoUpgradeMinorVersion": true,
                "settings": {
                    "ModulesUrl": "[concat(parameters('_artifactsLocation'),'/DSC/Configuration.zip')]",
                    "ConfigurationFunction": "Configuration.ps1\\SessionHost",
                    "Properties": {
                    }
                }
            }
        },
        {
            "apiVersion": "2018-06-01",
            "type": "Microsoft.Compute/virtualMachines/extensions",
            "name": "[concat(variables('rdshPrefix'), copyindex(),'/','rdAgent')]",
            "location": "[resourceGroup().location]",
            "dependsOn": [
                "[concat('Microsoft.Compute/virtualMachines/', concat(variables('rdshPrefix'), copyindex(),'/extensions/dscextension'))]",
                "[concat('Microsoft.Compute/virtualMachines/', variables('rdshPrefix'), copyindex(),'/extensions/joindomain')]"
            ],
            "copy": {
                "name": "rdsh-vm-loop",
                "count": "[parameters('rdshNumberOfInstances')]"
            },
            "tags": {
                "displayName": "script"
            },
            "properties": {
                "publisher": "Microsoft.Compute",
                "type": "CustomScriptExtension",
                "typeHandlerVersion": "1.8",
                "autoUpgradeMinorVersion": true,
                "settings": {
                    "fileUris": [
                        "[variables('scriptURI')]"
                    ],
                    "commandToExecute": "[concat('powershell.exe -ExecutionPolicy Unrestricted -File Script.ps1',' -RDBrokerURL \"', parameters('RDBrokerURL'), '\"',' ',' -TenantName \"', parameters('ExistingTenantName'), '\"',' ', ' -HostPoolName \"', parameters('HostPoolName'), '\"',' ', ' -FriendlyName \"', variables('HostPoolFriendlyName'), '\"',' ', ' -Description \"', variables('HostPoolDescription'), '\"',' ', ' -Hours \"', variables('RegistrationExpirationHours'), '\"',' ', ' -TenantAdminUPN \"', parameters('TenantAdminUPN'), '\"',' ', ' -TenantAdminPassword \"', parameters('TenantAdminPassword'), '\"',' ',' -localAdminUsername \"', variables('existingDomainUsername'), '\"',' ', ' -localAdminpassword \"', parameters('existingDomainPassword'), '\"',' ', ' -Fileuri \"', variables('deployAgentURI'), '\"')]"
                }
            }
        }
    ]
}