{
  "$schema": "https://schema.management.azure.com/schemas/2015-01-01/deploymentTemplate.json#",
  "contentVersion": "1.0.0.0",
  "parameters": {
    "nodenames": {
      "type": "array",
      "metadata": {
        "description": "Array of server names given in Parameters, template loops through node names for resource creation"
      }
    },
    "privateIPAddresses": {
      "type":"array"
    },
    "clustername": {
      "type":"string"
    },
    "storageAccountType": {
      "type": "string",
      "allowedValues": [
        "Standard_LRS",
        "Standard_GRS",
        "Standard_RAGRS",
        "Premium_LRS"
      ],
      "metadata": {
        "description": "Type of new Storage Accounts (Standard_LRS, Standard_GRS, Standard_RAGRS or Premium_LRS) to be created to store VM disks"
      },
      "defaultValue": "Premium_LRS"
    },
    "vmSize": {
      "type": "string",
      "metadata": {
        "description": "Size of the S2D VMs to be created"
      },
      "defaultValue": "Standard_DS1_v2"
    },
    "vmDiskSize": {
      "type": "int",
      "minValue": 128,
      "maxValue": 1023,
      "metadata": {
        "description": "Size of each data disk in GB on each S2D VM (Min=128, Max=1023)"
      },
      "defaultValue": 128
    },
    "vmDiskCount": {
      "type": "int",
      "minValue": 2,
      "maxValue": 32,
      "metadata": {
        "description": "Number of data disks on each S2D VM (Min=2, Max=32). Ensure that the VM size you've selected will support this number of data disks."
      },
      "defaultValue": 2
    },
    "ouPath": {
      "type": "string",
      "metadata": {
        "description": ""
      }
    },
    "existingDomainName": {
      "type": "string",
      "metadata": {
        "description": "DNS domain name for existing Active Directory domain"
      }
    },
    "vaultName": {
      "type": "string",
      "metadata": {
        "description": "Name of the Key Vault which has the adminUsername secret/password"
      }
    },
    "vaultResourceGroup": {
      "type": "string"
    },
    "secretName": {
      "type": "string"
    },
    "localsecretName": {
      "type": "string"
    },
    "adminUsername": {
      "type": "string",
      "metadata": {
        "description": "Name of the Administrator of the existing Active Directory Domain"
      }
    },
    "existingVirtualNetworkRGName": {
      "type": "string",
      "metadata": {
        "description": "Resource Group Name for the existing VNET."
      }
    },
    "existingVirtualNetworkName": {
      "type": "string",
      "metadata": {
        "description": "Name of the existing VNET."
      }
    },
    "existingSubnetName": {
      "type": "string",
      "metadata": {
        "description": "Name of the existing subnet in the existing VNET to which the S2D VMs should be deployed"
      }
    },
    "sofsName": {
      "type": "string",
      "metadata": {
        "description": "Name of clustered Scale-Out File Server role"
      }
    },
    "domainFQDN": {
      "type": "string",
      "metadata": {
        "description": "Domain FQDN"
      }
    },
    "userAccount": {
      "type": "string",
      "metadata": {
        "description": "Name of user/group account to be added as local administrator"
      }
    },
    "shareName": {
      "type": "string",
      "metadata": {
        "description": "Name of shared data folder on clustered Scale-Out File Server role"
      },
      "defaultValue": "data"
    },
    "_artifactsLocation": {
      "type": "string",
      "metadata": {
        "description": "Location of resources that the script is dependent on such as linked templates and DSC modules"
      },
      "defaultValue": "https://raw.githubusercontent.com/wahidsaleemi/avd/master/s2d-cluster"
    },
    "_artifactsLocationSasToken": {
      "type": "securestring",
      "metadata": {
        "description": "The sasToken required to access _artifactsLocation.  When the template is deployed using the accompanying scripts, a sasToken will be automatically generated."
      },
      "defaultValue": ""
    }
  },
  "variables": {
    "subnetRef": "[resourceId(parameters('existingVirtualNetworkRGName'),'Microsoft.Network/virtualNetworks/subnets',parameters('existingVirtualNetworkName'),parameters('existingSubnetName'))]",
    "deployS2DClusterTemplateURL": "[concat(parameters('_artifactsLocation'),'/nested/deploy-s2d-cluster.json',parameters('_artifactsLocationSasToken'))]",
    "deployS2DCluster": "deployS2DCluster"
  },
  "resources": [
    {
      "name": "[variables('deployS2DCluster')]",
      "type": "Microsoft.Resources/deployments",
      "apiVersion": "2015-01-01",
      "dependsOn": [],
      "properties": {
        "mode": "Incremental",
        "templateLink": {
          "uri": "[variables('deployS2DClusterTemplateURL')]",
          "contentVersion": "1.0.0.0"
        },
        "parameters": {
          "oupath": {
            "value": "[parameters('oupath')]"
          },
          "nodenames": {
            "value": "[parameters('nodenames')]"
          },
          "privateIPAddresses": {
            "value": "[parameters('privateIPaddresses')]"
          },
            "clustername": {
            "value": "[parameters('clustername')]"
          },
          "domainName": {
            "value": "[parameters('existingDomainName')]"
          },
          "adminUsername": {
            "value": "[parameters('adminUsername')]"
          },
          "adminPassword": {
            "reference": {
              "keyVault": {
                "id": "[resourceId(subscription().subscriptionId,  parameters('vaultResourceGroup'), 'Microsoft.KeyVault/vaults', parameters('vaultName'))]"
              },
              "secretName": "[parameters('secretName')]"
            }
          },
          "localAdminPassword": {
            "reference": {
              "keyVault": {
                "id": "[resourceId(subscription().subscriptionId,  parameters('vaultResourceGroup'), 'Microsoft.KeyVault/vaults', parameters('vaultName'))]"
              },
              "secretName": "[parameters('localsecretName')]"
            }
          },
          "storageAccountType": {
            "value": "[parameters('storageAccountType')]"
          },
          "nicSubnetUri": {
            "value": "[variables('subnetRef')]"
          },
          "vmSize": {
            "value": "[parameters('vmSize')]"
          },
          "vmDiskSize": {
            "value": "[parameters('vmDiskSize')]"
          },
          "vmDiskCount": {
            "value": "[parameters('vmDiskCount')]"
          },
          "sofsName": {
            "value": "[parameters('sofsName')]"
          },
          "shareName": {
            "value": "[parameters('shareName')]"
          },
          "domainFQDN": {
            "value": "[parameters('domainFQDN')]"
          },
          "userAccount": {
            "value": "[parameters('userAccount')]"
          },
          "_artifactsLocation": {
            "value": "[parameters('_artifactsLocation')]"
          },
          "_artifactsLocationSasToken": {
            "value": "[parameters('_artifactsLocationSasToken')]"
          }
        }
      }
    }
  ],
  "outputs": {
    "sofsPath": {
      "type": "string",
      "value": "[concat('\\\\',reference(variables('deployS2DCluster')).outputs.sofsName.value,'\\',reference(variables('deployS2DCluster')).outputs.shareName.value)]"
    }
  }
}