{
  "$schema": "https://schema.management.azure.com/schemas/2015-01-01/deploymentParameters.json#",
  "contentVersion": "1.0.0.0",
  "parameters": {
    "nodenames": {
        "value": [
        "AZRNVAFS1",
        "AZRNVAFS2"
      ]
    },
    "clustername": {
      "value": "AZRNVAFCL"
    },
    "privateIPAddresses": {
      "value":[
      "10.67.96.10",
      "10.67.96.11"  
      ]  
    },
    "vaultName": {
      "value": "RDmiKeyVault"
    },
    "vaultResourceGroup": {
      "value": "AZR-ABL-EndUserRDMiNA-Production"
    },
    "secretName": {
      "value": "DomainJoinPW"
    },
    "localsecretName": {
      "value": "LocalAdminPW"
    },
    "adminUsername": {
      "value": "SA-ITS-CVMS-JNJ"
    },
    "existingVirtualNetworkName": {
      "value": "EndUserRDMiNA-EastUS"
    },
    "existingVirtualNetworkRGName": {
      "value": "EndUserRDMiNA-VPCx"
    },    
    "existingSubnetName": {
      "value": "AZR-ABL-EndUserRDMiNA-Test-Hybrid"
    },
      "sofsName": {
      "value": "AZRNVAFUPD"
    },
    "shareName": {
      "value": "UPD01"
    }
  }
}