{
    "$schema": "https://schema.management.azure.com/schemas/2015-01-01/deploymentTemplate.json#",
    "contentVersion": "1.0.0.0",
    "parameters": {
        "nodenames": {
            "type": "array",
            "metadata": {
                "description": "Array of server names given in Parameters, template loops through node names for resource creation"
            },
            "defaultValue": [
                "AZRAAGNVA1027",
                "AZRAAGNVA1028"
            ]
        },
        "clustername": {
            "type": "string",
            "defaultValue": "AZRAAGNVA1025"
        },
        "oupath": {
            "type": "string",
            "defaultValue": "OU=VirtualApplicationServersPilot,OU=CVMS,OU=InfrastructureServers,DC=JNJ,DC=COM"
        },
        "domainName": {
            "type": "string",
            "metadata": {
                "description": "DNS domain name for existing Active Directory domain"
            },
            "defaultValue": "jnj.com"
        },
        "adminUsername": {
            "type": "string",
            "metadata": {
                "description": "Name of the Administrator of the existing Active Directory Domain"
            },
            "defaultValue": "sa-its-cvms-jnj"
        },
        "adminPassword": {
            "type": "securestring",
            "minLength": 12,
            "metadata": {
                "description": "Password for the Administrator account of the existing Active Directory Domain"
            }
        },
        "vmDiskSize": {
            "type": "int",
            "minValue": 128,
            "maxValue": 1023,
            "metadata": {
                "description": "Size of each data disk in GB on each S2D VM (Min=128, Max=1023)"
            },
            "defaultValue": 128
        },
        "sofsName": {
            "type": "string",
            "metadata": {
                "description": "Name of clustered Scale-Out File Server role"
            },
            "defaultValue": "AZRAAGNVA1026"
        },
        "shareName": {
            "type": "string",
            "metadata": {
                "description": "Name of shared data folder on clustered Scale-Out File Server role"
            },
            "defaultValue": "UPD"
        },
        "_artifactsLocation": {
            "type": "string",
            "defaultValue": "https://raw.githubusercontent.com/wahidsaleemi/azure-quickstart-templates/master/301-storage-spaces-direct"
        },
        "_artifactsLocationSasToken": {
            "type": "string",
            "defaultValue": ""
        },
        "location": {
            "type": "string",
            "defaultValue": "[resourceGroup().location]",
            "metadata": {
                "description": "Location for all resources."
            }
        }
    },
    "variables": {
        "apiVersionStorage": "2016-01-01",
        "witnessStorageName": "[skip(concat(toLower(parameters('nodenames')[0]),uniqueString(resourceGroup().id),'cw'),6)]",
        "s2dConfigModulesURL": "[concat(parameters('_artifactsLocation'),'/dsc/config-s2d-step.ps1.zip',parameters('_artifactsLocationSasToken'))]",
        "s2dConfigFunction": "ConfigS2DStep.ps1\\ConfigS2D"
    },
    "resources": [

        {
            "type": "Microsoft.Compute/virtualMachines/extensions",
            "name": "[concat(parameters('nodenames')[0],'/s2dConfig-step')]",
            "apiVersion": "2018-06-01",
            "location": "[parameters('location')]",
            "dependsOn": [
            ],
            "properties": {
                "publisher": "Microsoft.Powershell",
                "type": "DSC",
                "typeHandlerVersion": "2.76",
                "autoUpgradeMinorVersion": true,
                "settings": {
                    "modulesUrl": "[variables('s2dConfigModulesURL')]",
                    "configurationFunction": "[variables('s2dConfigFunction')]",
                    "properties": {
                        "domainName": "[parameters('domainName')]",
                        "clusterName": "[parameters('clusterName')]",
                        "sofsName": "[parameters('sofsName')]",
                        "shareName": "[parameters('shareName')]",
                        "nodenames": "[parameters('nodenames')]",
                        "vmDiskSize": "[parameters('vmDiskSize')]",
                        "retryCount": 6,
                        "witnessStorageName": "[variables('witnessStorageName')]",
                        "witnessStorageEndpoint": "[replace(split(reference(concat('Microsoft.Storage/storageAccounts/', variables('witnessStorageName'))).primaryEndpoints.blob, 'blob.')[1], '/', '')]",
                        "witnessStorageKey": {
                            "userName": "PLACEHOLDER-DO-NOT-USE",
                            "password": "PrivateSettingsRef:witnessStorageKey"
                        },
                        "adminCreds": {
                            "userName": "[concat(parameters('adminUsername'),'@ITS.',parameters('domainName'))]",
                            "password": "PrivateSettingsRef:adminPassword"
                        }
                    }
                },
                "protectedSettings": {
                    "items": {
                        "adminPassword": "[parameters('adminPassword')]",
                        "witnessStorageKey": "[listKeys(resourceId('Microsoft.Storage/storageAccounts',variables('witnessStorageName')),variables('apiVersionStorage')).keys[0].value]"
                    }
                }
            }
        }
    ],
    "outputs": {
        "sofsName": {
            "type": "string",
            "value": "[parameters('sofsName')]"
        },
        "shareName": {
            "type": "string",
            "value": "[parameters('shareName')]"
        }
    }
}